inst,v*,#t,chuffed_topt,chuffed_tenum
version-64-round-1,0,1,0.07514834403991699,0.06636548042297363
