inst,v*,#t,gecode_topt,gecode_tenum
version-64-round-1,0,1,0.07145190238952637,0.06412291526794434
