inst,v*,#t,picat_topt,picat_tenum
version-64-round-1,0,1,0.1256704330444336,0.11361312866210938
