{"topt": 0.07781004905700684, "tenum": 0.07630729675292969, "v": 0, "sols": [{"S_2_3_3": 0, "S_2_3_2": 0, "S_2_3_1": 0, "S_2_3_0": 0, "S_2_2_3": 0, "S_2_2_2": 0, "S_2_2_1": 0, "S_2_2_0": 0, "S_2_1_3": 0, "S_2_1_2": 0, "S_2_1_1": 0, "S_2_1_0": 0, "S_2_0_3": 0, "S_2_0_2": 0, "S_2_0_1": 0, "S_2_0_0": 0, "S_0_3_3": 0, "S_0_3_2": 0, "S_0_3_1": 0, "S_0_3_0": 0, "S_0_2_3": 0, "S_0_2_2": 0, "S_0_2_1": 0, "S_0_2_0": 0, "S_0_1_3": 0, "S_0_1_2": 0, "S_0_1_1": 0, "S_0_1_0": 0, "S_0_0_3": 0, "S_0_0_2": 0, "S_0_0_1": 0, "S_0_0_0": 0}]}