{"topt": 0.07452106475830078, "tenum": 0.0711219310760498, "v": 0, "sols": [{"S_1_3_3": 0, "S_1_3_2": 0, "S_1_3_1": 0, "S_1_3_0": 0, "S_1_2_3": 0, "S_1_2_2": 0, "S_1_2_1": 0, "S_1_2_0": 0, "S_1_1_3": 0, "S_1_1_2": 0, "S_1_1_1": 0, "S_1_1_0": 0, "S_1_0_3": 0, "S_1_0_2": 0, "S_1_0_1": 0, "S_1_0_0": 0}]}