{"topt": 0.07648062705993652, "tenum": 0.07556581497192383, "v": 0, "sols": [{"S_1_3_3": 0, "S_1_3_2": 0, "S_1_3_1": 0, "S_1_3_0": 0, "S_1_2_3": 0, "S_1_2_2": 0, "S_1_2_1": 0, "S_1_2_0": 0, "S_1_1_3": 0, "S_1_1_2": 0, "S_1_1_1": 0, "S_1_1_0": 0, "S_1_0_3": 0, "S_1_0_2": 0, "S_1_0_1": 0, "S_1_0_0": 0}]}